<?xml version="1.0" encoding="UTF-8"?>
<GenRun Id="synth_1" LaunchPart="xc7a35tcsg324-1" LaunchTime="1669646193">
  <File Type="PA-TCL" Name="lca_4.tcl"/>
  <File Type="RDS-PROPCONSTRS" Name="lca_4_drc_synth.rpt"/>
  <File Type="REPORTS-TCL" Name="lca_4_reports.tcl"/>
  <File Type="RDS-RDS" Name="lca_4.vds"/>
  <File Type="RDS-UTIL" Name="lca_4_utilization_synth.rpt"/>
  <File Type="RDS-UTIL-PB" Name="lca_4_utilization_synth.pb"/>
  <File Type="RDS-DCP" Name="lca_4.dcp"/>
  <File Type="VDS-TIMINGSUMMARY" Name="lca_4_timing_summary_synth.rpt"/>
  <File Type="VDS-TIMING-PB" Name="lca_4_timing_summary_synth.pb"/>
  <FileSet Name="sources" Type="DesignSrcs" RelSrcDir="$PSRCDIR/sources_1">
    <Filter Type="Srcs"/>
    <File Path="$PSRCDIR/sources_1/new/lca_4.v">
      <FileInfo>
        <Attr Name="UsedIn" Val="synthesis"/>
        <Attr Name="UsedIn" Val="implementation"/>
        <Attr Name="UsedIn" Val="simulation"/>
      </FileInfo>
    </File>
    <Config>
      <Option Name="DesignMode" Val="RTL"/>
      <Option Name="TopModule" Val="lca_4"/>
      <Option Name="TopAutoSet" Val="TRUE"/>
    </Config>
  </FileSet>
  <FileSet Name="constrs_in" Type="Constrs" RelSrcDir="$PSRCDIR/constrs_1">
    <Filter Type="Constrs"/>
    <Config>
      <Option Name="ConstrsType" Val="XDC"/>
    </Config>
  </FileSet>
  <FileSet Name="utils" Type="Utils" RelSrcDir="$PSRCDIR/utils_1">
    <Filter Type="Utils"/>
    <Config>
      <Option Name="TopAutoSet" Val="TRUE"/>
    </Config>
  </FileSet>
  <Strategy Version="1" Minor="2">
    <StratHandle Name="Vivado Synthesis Defaults" Flow="Vivado Synthesis 2018"/>
    <Step Id="synth_design"/>
  </Strategy>
</GenRun>
